,left,length,sequence,min_tm,max_tm,Bs,Bs,Bs,Bs
0,10,46,TTAACTTCCGTGTTCGGCATGGGAACGGGTGTGACCTCTTCGCTAT,63.45753021427481,65.91501770111074,63.45753021427481,63.45753021427481,63.45753021427481,65.91501770111074
1,82,19,ACTCTCACAGGGGGAAACC,61.11202718319214,61.11202718319214,61.11202718319214,61.11202718319214,61.11202718319214,61.11202718319214
2,22,35,CTTAACTTCCGTGTTCGGCATGGGAACGGGTGTGA,59.31235595715566,63.32735114538468,59.31235595715566,59.31235595715566,59.31235595715566,63.32735114538468
3,80,15,ACAGGGGGAAACCCC,60.53687216664082,60.53687216664082,60.53687216664082,60.53687216664082,60.53687216664082,60.53687216664082
4,35,38,CATCGGCGCTGAAGAGCTTAACTTCCGTGTTCGGCATG,59.89938387001928,63.6502490802111,59.89938387001928,59.89938387001928,59.89938387001928,63.6502490802111
5,34,39,CATCGGCGCTGAAGAGCTTAACTTCCGTGTTCGGCATGG,61.65705892112658,65.21551338856011,61.65705892112658,61.65705892112658,61.65705892112658,65.21551338856011
6,80,29,GACGTCCTACTCTCACAGGGGGAAACCCC,64.79337624361477,65.62744299220111,64.79337624361477,64.79337624361477,64.79337624361477,65.62744299220111
7,16,42,GCTTAACTTCCGTGTTCGGTATGGGAACGGGTGTGACCTCTT,64.33460239413489,64.95221608147085,64.95221608147085,64.95221608147085,64.95221608147085,64.33460239413489
8,63,20,CCCCGACTACCATCGGCGCT,59.6818004005774,59.6818004005774,59.6818004005774,59.6818004005774,59.6818004005774,59.6818004005774
9,37,41,ACTACCATCGGCGCTGAAGAGCTTAACTTCCGTGTTCGGTA,64.11199981770926,64.76752522022667,64.76752522022667,64.76752522022667,64.76752522022667,64.11199981770926
10,18,37,TAACTTCCGTGTTCGGCATGGGAACGGGTGTGACCTC,63.74953417136646,67.45881193416449,63.74953417136646,63.74953417136646,63.74953417136646,67.45881193416449
11,18,25,TCGGTATGGGAACGGGTGTGACCTC,63.51462058629505,64.58998718658682,64.58998718658682,64.58998718658682,64.58998718658682,63.51462058629505
12,47,24,TCGGCGCTGAAGAGCTTAACTTCC,57.670660944706526,57.670660944706526,57.670660944706526,57.670660944706526,57.670660944706526,57.670660944706526
13,10,46,TTAACTTCCGTGTTCGGTATGGGAACGGGTGTGACCTCTTCGCTAT,63.74851397267764,64.88677296958735,64.88677296958735,64.88677296958735,64.88677296958735,63.74851397267764
14,79,18,TCACAGGGGGAAACCCCC,64.24409385824157,64.24409385824157,64.24409385824157,64.24409385824157,64.24409385824157,64.24409385824157
15,85,29,TTGGCGGTGTCCTACTCTCACAGGGGGAA,65.48816582648482,66.28625356547684,66.28625356547684,66.28625356547684,66.28625356547684,65.48816582648482
16,66,22,GAAACCCCCGACTACCATCGGC,62.07038264849342,62.07038264849342,62.07038264849342,62.07038264849342,62.07038264849342,62.07038264849342
17,64,21,ACCCCCGACTACCATCGGCGC,64.34792484433405,64.34792484433405,64.34792484433405,64.34792484433405,64.34792484433405,64.34792484433405
18,37,38,ACCATCGGCGCTGAAGAGCTTAACTTCCGTGTTCGGTA,63.14171209973739,63.86360717778831,63.86360717778831,63.86360717778831,63.86360717778831,63.14171209973739
19,16,30,TGTTCGGTATGGGAACGGGTGTGACCTCTT,61.46818632781452,62.42737917579444,62.42737917579444,62.42737917579444,62.42737917579444,61.46818632781452
20,56,22,ACTACCATCGGCGCTGAAGAGC,61.940857573134224,61.940857573134224,61.940857573134224,61.940857573134224,61.940857573134224,61.940857573134224
21,76,16,GGGGGAAACCCCCGAC,63.445233118922204,63.445233118922204,63.445233118922204,63.445233118922204,63.445233118922204,63.445233118922204
22,37,36,CATCGGCGCTGAAGAGCTTAACTTCCGTGTTCGGTA,60.51556152602302,61.34660405732137,61.34660405732137,61.34660405732137,61.34660405732137,60.51556152602302
23,38,39,CTACCATCGGCGCTGAAGAGCTTAACTTCCGTGTTCGGT,63.808859071731035,63.853404796777795,63.853404796777795,63.853404796777795,63.853404796777795,63.808859071731035
24,11,37,CGTGTTCGGTATGGGAACGGGTGTGACCTCTTCGCCA,63.04819620641916,65.51709489785111,63.04819620641916,63.04819620641916,63.04819620641916,65.51709489785111
25,15,36,TTCCGTGTTCGGCATGGGAACGGGTGTGACCTCTTC,62.00993304659835,65.79818482522222,62.00993304659835,62.00993304659835,62.00993304659835,65.79818482522222
26,75,16,GGGGAAACCCCCGACT,59.28721897715377,59.28721897715377,59.28721897715377,59.28721897715377,59.28721897715377,59.28721897715377
27,27,36,GAAGAGCTTAACTTCCGTGTTCGGTATGGGAACGGG,63.56074528741004,64.30203088508466,64.30203088508466,64.30203088508466,64.30203088508466,63.56074528741004
28,46,30,TACCATCGGCGCTGAAGAGCTTAACTTCCG,61.313459670529824,61.313459670529824,61.313459670529824,61.313459670529824,61.313459670529824,61.313459670529824
29,18,33,TTCCGTGTTCGGTATGGGAACGGGTGTGACCTC,63.78194764058901,64.56223463436316,64.56223463436316,64.56223463436316,64.56223463436316,63.78194764058901
30,80,19,TCTCACAGGGGGAAACCCC,62.95838844576082,62.95838844576082,62.95838844576082,62.95838844576082,62.95838844576082,62.95838844576082
31,77,16,AGGGGGAAACCCCCGA,62.12210032424201,62.12210032424201,62.12210032424201,62.12210032424201,62.12210032424201,62.12210032424201
32,35,47,CCCGACTACCATCGGCGCTGAAGAGCTTAACTTCCGTGTTCGGCATG,65.84142640053324,68.74461802545216,65.84142640053324,65.84142640053324,65.84142640053324,68.74461802545216
33,17,39,TTAACTTCCGTGTTCGGCATGGGAACGGGTGTGACCTCT,62.625483133981845,66.18159755419214,62.625483133981845,62.625483133981845,62.625483133981845,66.18159755419214
34,14,41,TAACTTCCGTGTTCGGTATGGGAACGGGTGTGACCTCTTCG,64.20092986670238,64.8244966445364,64.8244966445364,64.8244966445364,64.8244966445364,64.20092986670238
35,34,37,TCGGCGCTGAAGAGCTTAACTTCCGTGTTCGGTATGG,62.948653497205214,63.678036303422175,63.678036303422175,63.678036303422175,63.678036303422175,62.948653497205214
36,75,17,GGGGGAAACCCCCGACT,63.440693916013686,63.440693916013686,63.440693916013686,63.440693916013686,63.440693916013686,63.440693916013686
37,11,35,TGTTCGGTATGGGAACGGGTGTGACCTCTTCGCTA,63.20836793720116,64.7379645856222,64.7379645856222,64.7379645856222,64.7379645856222,63.20836793720116
38,21,33,AACTTCCGTGTTCGGCATGGGAACGGGTGTGAC,62.327270594950846,66.49016677014663,62.327270594950846,62.327270594950846,62.327270594950846,66.49016677014663
39,20,21,GGCATGGGAACGGGTGTGACC,59.26994385519521,66.30015383085902,59.26994385519521,59.26994385519521,59.26994385519521,66.30015383085902
40,85,27,GGCGACGTCCTACTCTCACAGGGGGAA,63.04847659596061,63.77892555067194,63.04847659596061,63.04847659596061,63.04847659596061,63.77892555067194
41,37,43,CGACTACCATCGGCGCTGAAGAGCTTAACTTCCGTGTTCGGCA,63.70896498430511,66.96100207006822,63.70896498430511,63.70896498430511,63.70896498430511,66.96100207006822
42,88,28,GCTTGGCGGTGTCCTACTCTCACAGGGG,62.998127657022735,65.7647530543951,65.7647530543951,65.7647530543951,65.7647530543951,62.998127657022735
43,69,21,GGGAAACCCCCGACTACCATC,61.479513152550965,61.479513152550965,61.479513152550965,61.479513152550965,61.479513152550965,61.479513152550965
44,13,44,CTTAACTTCCGTGTTCGGCATGGGAACGGGTGTGACCTCTTCGC,63.883444045054944,66.95437195069655,63.883444045054944,63.883444045054944,63.883444045054944,66.95437195069655
45,11,45,TTAACTTCCGTGTTCGGTATGGGAACGGGTGTGACCTCTTCGCTA,63.85345521119382,65.009266362024,65.009266362024,65.009266362024,65.009266362024,63.85345521119382
46,19,29,CGTGTTCGGCATGGGAACGGGTGTGACCT,61.08430084682465,65.81992821992003,61.08430084682465,61.08430084682465,61.08430084682465,65.81992821992003
47,48,33,CCGACTACCATCGGCGCTGAAGAGCTTAACTTC,63.79452053230722,63.79452053230722,63.79452053230722,63.79452053230722,63.79452053230722,63.79452053230722
48,27,36,GAAGAGCTTAACTTCCGTGTTCGGCATGGGAACGGG,62.414174345747824,66.2770230068939,62.414174345747824,62.414174345747824,62.414174345747824,66.2770230068939
49,74,18,GGGGGAAACCCCCGACTA,62.62284682426173,62.62284682426173,62.62284682426173,62.62284682426173,62.62284682426173,62.62284682426173
50,28,34,AAGAGCTTAACTTCCGTGTTCGGCATGGGAACGG,59.793104203997814,63.985630094719966,59.793104203997814,59.793104203997814,59.793104203997814,63.985630094719966
51,64,22,AACCCCCGACTACCATCGGCGC,64.41183153740673,64.41183153740673,64.41183153740673,64.41183153740673,64.41183153740673,64.41183153740673
52,57,25,CCCGACTACCATCGGCGCTGAAGAG,63.760407299205895,63.760407299205895,63.760407299205895,63.760407299205895,63.760407299205895,63.760407299205895
53,31,38,GGCGCTGAAGAGCTTAACTTCCGTGTTCGGTATGGGAA,64.69722560638371,65.37516002812492,65.37516002812492,65.37516002812492,65.37516002812492,64.69722560638371
54,83,23,GTCCTACTCTCACAGGGGGAAAC,62.029327418445064,62.029327418445064,62.029327418445064,62.029327418445064,62.029327418445064,62.029327418445064
55,5,54,AGCTTAACTTCCGTGTTCGGCATGGGAACGGGTGTGACCTCTTCGCCATCGTCA,64.19176540325026,68.90676751485637,64.19176540325026,64.19176540325026,64.19176540325026,68.90676751485637
56,12,23,GGAACGGGTGTGACCTCTTCGCC,60.62436159290593,62.02622879498813,60.62436159290593,60.62436159290593,60.62436159290593,62.02622879498813
57,43,31,CCATCGGCGCTGAAGAGCTTAACTTCCGTGT,61.14031077883283,61.14031077883283,61.14031077883283,61.14031077883283,61.14031077883283,61.14031077883283
58,64,21,ACCCCCGACTACCATCGGCGC,64.34792484433405,64.34792484433405,64.34792484433405,64.34792484433405,64.34792484433405,64.34792484433405
59,37,39,TACCATCGGCGCTGAAGAGCTTAACTTCCGTGTTCGGTA,62.77690486108122,63.49280655576979,63.49280655576979,63.49280655576979,63.49280655576979,62.77690486108122
60,69,22,GGGGAAACCCCCGACTACCATC,64.69927927862426,64.69927927862426,64.69927927862426,64.69927927862426,64.69927927862426,64.69927927862426
61,19,25,TTCGGCATGGGAACGGGTGTGACCT,59.29473653228649,64.9962459683465,59.29473653228649,59.29473653228649,59.29473653228649,64.9962459683465
62,16,39,TAACTTCCGTGTTCGGCATGGGAACGGGTGTGACCTCTT,62.625483133981845,66.18159755419214,62.625483133981845,62.625483133981845,62.625483133981845,66.18159755419214
63,86,27,TGGCGGTGTCCTACTCTCACAGGGGGA,65.6541071539429,68.0894060735244,68.0894060735244,68.0894060735244,68.0894060735244,65.6541071539429
64,52,31,CCCCGACTACCATCGGCGCTGAAGAGCTTAA,65.65856815866618,65.65856815866618,65.65856815866618,65.65856815866618,65.65856815866618,65.65856815866618
65,30,40,CGGCGCTGAAGAGCTTAACTTCCGTGTTCGGCATGGGAAC,65.0211106029713,68.40687671780091,65.0211106029713,65.0211106029713,65.0211106029713,68.40687671780091
66,28,38,GCTGAAGAGCTTAACTTCCGTGTTCGGCATGGGAACGG,63.120973390456754,66.81614586357063,63.120973390456754,63.120973390456754,63.120973390456754,66.81614586357063
67,26,36,AAGAGCTTAACTTCCGTGTTCGGTATGGGAACGGGT,63.116111348883635,63.86514971843502,63.86514971843502,63.86514971843502,63.86514971843502,63.116111348883635
68,13,31,TTCGGTATGGGAACGGGTGTGACCTCTTCGC,63.763910690974626,64.5991022509478,64.5991022509478,64.5991022509478,64.5991022509478,63.763910690974626
69,66,22,GAAACCCCCGACTACCATCGGC,62.07038264849342,62.07038264849342,62.07038264849342,62.07038264849342,62.07038264849342,62.07038264849342
70,4,37,GGTATGGGAACGGGTGTGACCTCTTCGCTATCGTCAC,64.5570413915678,66.1759830454921,66.1759830454921,66.1759830454921,66.1759830454921,64.5570413915678
71,7,52,AGCTTAACTTCCGTGTTCGGCATGGGAACGGGTGTGACCTCTTCGCCATCAC,62.95165188529188,69.43159339404201,62.95165188529188,62.95165188529188,62.95165188529188,69.43159339404201
72,32,39,TCGGCGCTGAAGAGCTTAACTTCCGTGTTCGGCATGGGA,64.13678794099627,67.60084521974704,64.13678794099627,64.13678794099627,64.13678794099627,67.60084521974704
73,19,23,CGGCATGGGAACGGGTGTGACCT,59.89037517503948,66.10376132580103,59.89037517503948,59.89037517503948,59.89037517503948,66.10376132580103
74,19,27,TGTTCGGTATGGGAACGGGTGTGACCT,62.086190502129114,63.12578094993319,63.12578094993319,63.12578094993319,63.12578094993319,62.086190502129114
75,85,22,TGTCCTACTCTCACAGGGGGAA,59.98914306884336,60.238095771017925,59.98914306884336,59.98914306884336,59.98914306884336,60.238095771017925
76,23,37,GAGCTTAACTTCCGTGTTCGGTATGGGAACGGGTGTG,63.34973063487877,64.06686058783225,64.06686058783225,64.06686058783225,64.06686058783225,63.34973063487877
77,8,28,GGGAACGGGTGTGACCTCTTCGCCATCG,60.545805428167796,65.45379576462318,60.545805428167796,60.545805428167796,60.545805428167796,65.45379576462318
78,23,44,CGCTGAAGAGCTTAACTTCCGTGTTCGGTATGGGAACGGGTGTG,66.66654069300853,67.19240792742255,67.19240792742255,67.19240792742255,67.19240792742255,66.66654069300853
79,80,19,TCTCACAGGGGGAAACCCC,62.95838844576082,62.95838844576082,62.95838844576082,62.95838844576082,62.95838844576082,62.95838844576082
80,40,39,GACTACCATCGGCGCTGAAGAGCTTAACTTCCGTGTTCG,63.98559006347796,63.98559006347796,63.98559006347796,63.98559006347796,63.98559006347796,63.98559006347796
81,37,40,CTACCATCGGCGCTGAAGAGCTTAACTTCCGTGTTCGGCA,61.72811534253958,65.29902534665467,61.72811534253958,61.72811534253958,61.72811534253958,65.29902534665467
82,57,26,CCCCGACTACCATCGGCGCTGAAGAG,65.43116955794915,65.43116955794915,65.43116955794915,65.43116955794915,65.43116955794915,65.43116955794915
83,24,37,AGAGCTTAACTTCCGTGTTCGGTATGGGAACGGGTGT,63.701979941219406,64.41192645311867,64.41192645311867,64.41192645311867,64.41192645311867,63.701979941219406
84,8,34,CGGTATGGGAACGGGTGTGACCTCTTCGCTATCG,64.11546052202408,65.24082021855372,65.24082021855372,65.24082021855372,65.24082021855372,64.11546052202408
85,14,48,AAGAGCTTAACTTCCGTGTTCGGTATGGGAACGGGTGTGACCTCTTCG,66.48736708649744,66.97855475051364,66.97855475051364,66.97855475051364,66.97855475051364,66.48736708649744
86,13,38,TTCCGTGTTCGGCATGGGAACGGGTGTGACCTCTTCGC,64.00257684649364,67.4683737925962,64.00257684649364,64.00257684649364,64.00257684649364,67.4683737925962
87,22,39,AGAGCTTAACTTCCGTGTTCGGCATGGGAACGGGTGTGA,63.67629432518038,67.18725257942407,63.67629432518038,63.67629432518038,63.67629432518038,67.18725257942407
88,12,42,AACTTCCGTGTTCGGCATGGGAACGGGTGTGACCTCTTCGCC,65.57861253808636,69.40529875929008,65.57861253808636,65.57861253808636,65.57861253808636,69.40529875929008
89,83,24,TGTCCTACTCTCACAGGGGGAAAC,62.75834625981366,62.90035961322491,62.75834625981366,62.75834625981366,62.75834625981366,62.90035961322491
90,5,43,CGTGTTCGGCATGGGAACGGGTGTGACCTCTTCGCTATCACCA,62.58565604378032,64.59472668537921,62.58565604378032,62.58565604378032,62.58565604378032,64.59472668537921
91,23,37,GAGCTTAACTTCCGTGTTCGGTATGGGAACGGGTGTG,63.34973063487877,64.06686058783225,64.06686058783225,64.06686058783225,64.06686058783225,63.34973063487877
92,39,35,CCATCGGCGCTGAAGAGCTTAACTTCCGTGTTCGG,62.683620282308254,62.683620282308254,62.683620282308254,62.683620282308254,62.683620282308254,62.683620282308254
93,43,37,CGACTACCATCGGCGCTGAAGAGCTTAACTTCCGTGT,64.64772039429698,64.64772039429698,64.64772039429698,64.64772039429698,64.64772039429698,64.64772039429698
94,85,26,GCGGTGTCCTACTCTCACAGGGGGAA,62.387172960665396,65.12070276613804,65.12070276613804,65.12070276613804,65.12070276613804,62.387172960665396
95,42,38,CGACTACCATCGGCGCTGAAGAGCTTAACTTCCGTGTT,63.47626181894543,63.47626181894543,63.47626181894543,63.47626181894543,63.47626181894543,63.47626181894543
96,5,51,TTAACTTCCGTGTTCGGCATGGGAACGGGTGTGACCTCTTCGCCATCACCA,61.55715669207564,66.29773982423893,61.55715669207564,61.55715669207564,61.55715669207564,66.29773982423893
97,83,24,TGTCCTACTCTCACAGGGGGAAAC,62.75834625981366,62.90035961322491,62.75834625981366,62.75834625981366,62.75834625981366,62.90035961322491
98,10,36,TGTTCGGTATGGGAACGGGTGTGACCTCTTCGCCAT,62.65609965387705,65.25314090414838,62.65609965387705,62.65609965387705,62.65609965387705,65.25314090414838
99,80,20,CTCTCACAGGGGGAAACCCC,62.97461374940525,62.97461374940525,62.97461374940525,62.97461374940525,62.97461374940525,62.97461374940525
