,left,length,sequence,min_tm,max_tm,Mtb,Ms,Ms
0,32,32,CAGGCTTAGCTTCCGGGTTCGGAATGGGACCG,63.76595191745679,66.5943444493974,66.5943444493974,63.76595191745679,63.76595191745679
1,51,35,TGGGCAGTATCATCGGCGCTGGCAGGCTTAGCTTC,65.33376118138591,69.36220846666964,69.36220846666964,65.33376118138591,65.78226218222488
2,67,30,TTCCACCCGGAAGGGTAGTATCATCGGCGC,60.70108272135576,65.64653283459529,60.70108272135576,65.64653283459529,62.277560170515414
3,65,31,TCCACCCGGAGGGGCAGTATCATCGGCGCTG,62.67077191981008,71.62864744100136,71.62864744100136,62.67077191981008,63.25132099649295
4,89,25,TCGGCGGTGTCCTACTTTTCCACCC,57.306746633018065,57.306746633018065,57.306746633018065,57.306746633018065,57.306746633018065
5,55,29,GGTAGTATCATCGGCGCTGGCAGGCTTAG,63.14004405073018,64.07438676660587,63.14004405073018,64.07438676660587,64.07438676660587
6,52,35,AGGGGTAGTATCATCGGCGCTGGCAGGCTTAGCTT,65.20533364330095,68.51321553738131,68.51321553738131,65.20533364330095,65.69492210032087
7,32,25,AGCTTCCGGGTTCGGGATGGGACCG,61.2422840236278,65.8689776176534,61.2422840236278,65.8689776176534,65.8689776176534
8,40,28,CTGGCAGGCTTAGCTTCCGGGTTCGGGA,61.234628396122616,65.48129909976063,61.234628396122616,65.48129909976063,65.48129909976063
9,29,25,TTCCGGGTTCGGGATGGGACCGGGC,64.93182473252784,69.18712778279172,64.93182473252784,69.18712778279172,69.18712778279172
10,64,37,ACTTTTCCACCCGGAGGGGCAGTATCATCGGCGCTGG,62.50907651511926,69.92655034537643,69.92655034537643,62.50907651511926,62.97782773623055
11,61,45,GTCCTACTTTTCCACCCGGAGGGGCAGTATCATCGGCGCTGGCAG,66.17629013270448,72.17586563169147,72.17586563169147,66.17629013270448,66.57551500996624
12,70,45,TTCGGCGGTGTCCTACTTTTCCACCCGGAGGGGCAGTATCATCGG,63.436551111460915,69.37649519462491,69.37649519462491,63.436551111460915,63.810876470264304
13,63,27,CGGAGGGGTAGTATCATCGGCGCTGGC,62.98832887008302,67.20228928705075,67.20228928705075,62.98832887008302,63.600071804225706
14,24,36,CTTAGCTTCCGGGTTCGGGATGGGACCGGGCGTTTC,64.17328702999049,67.21223127344945,64.17328702999049,67.21223127344945,67.21223127344945
15,26,34,CTTAGCTTCCGGGTTCGGGATGGGACCGGGCGTT,64.84555966874058,68.03551015962131,64.84555966874058,68.03551015962131,68.03551015962131
16,16,21,GACCGGGCGTTTCCCTGCCGC,62.115760955865994,62.115760955865994,62.115760955865994,62.115760955865994,62.115760955865994
17,11,27,GGACCGGGCGTTTCCCTGCCGCTGTGG,65.55404834001166,68.21524210251789,68.21524210251789,65.55404834001166,65.55404834001166
18,29,21,GGGTTCGGAATGGGACCGGGC,62.566469747858264,66.90793093111176,66.90793093111176,62.566469747858264,62.566469747858264
19,70,46,GTTCGGCGGTGTCCTACTTTTCCACCCGGAAGGGTAGTATCATCGG,63.658479135309676,66.66804394873606,63.658479135309676,66.66804394873606,64.56886585492333
20,70,41,GCGGTGTCCTACTTTTCCACCCGGAAGGGTAGTATCATCGG,62.4276268425117,65.96675792299675,62.4276268425117,65.96675792299675,63.51936078349769
21,12,30,AATGGGACCGGGCGTTTCCCTGCCGCTATG,65.54079920029847,66.91278002319257,65.54079920029847,66.91278002319257,66.91278002319257
22,55,28,GTAGTATCATCGGCGCTGGCAGGCTTAG,60.811060470501616,61.88010902712057,60.811060470501616,61.88010902712057,61.88010902712057
23,30,22,CCGGGTTCGGAATGGGACCGGG,61.514015009090485,65.61274774951573,65.61274774951573,61.514015009090485,61.514015009090485
24,26,28,TTCCGGGTTCGGGATGGGACCGGGCGTT,63.644759227114605,67.44281289886817,63.644759227114605,67.44281289886817,67.44281289886817
25,55,23,ATCATCGGCGCTGGCAGGCTTAG,61.00682201689949,61.00682201689949,61.00682201689949,61.00682201689949,61.00682201689949
26,56,23,TATCATCGGCGCTGGCAGGCTTA,59.13953698933426,59.13953698933426,59.13953698933426,59.13953698933426,59.13953698933426
27,53,25,ATCATCGGCGCTGGCAGGCTTAGCT,63.890676226737355,63.890676226737355,63.890676226737355,63.890676226737355,63.890676226737355
28,19,26,CGGGATGGGACCGGGCGTTTCCCTGC,64.30216197661025,68.58357497304621,64.30216197661025,68.58357497304621,68.58357497304621
29,60,27,AGGGGTAGTATCATCGGCGCTGGCAGG,62.98484467647006,67.2624894482085,67.2624894482085,62.98484467647006,63.6060687848622
30,30,24,TTCCGGGTTCGGAATGGGACCGGG,60.78184401397283,64.60529599301049,64.60529599301049,60.78184401397283,60.78184401397283
31,51,38,GGAAGGGTAGTATCATCGGCGCTGGCAGGCTTAGCTTC,66.31714476140775,69.90874007717207,66.31714476140775,69.90874007717207,67.37593302725458
32,70,41,GCGGTGTCCTACTTTTCCACCCGGAGGGGTAGTATCATCGG,64.02601708990534,66.82925840785083,66.82925840785083,64.02601708990534,64.43401020287246
33,81,31,GGCGGTGTCCTACTTTTCCACCCGGAGGGGT,63.06085259572751,67.48290075926917,67.48290075926917,63.06085259572751,63.600495118980916
34,76,39,TTCGGCGGTGTCCTACTTTTCCACCCGGAAGGGTAGTAT,61.026689789988495,64.79504314714018,61.026689789988495,64.79504314714018,62.20887717931481
35,45,38,GTAGTATCATCGGCGCTGGCAGGCTTAGCTTCCGGGTT,66.31744103825247,66.924996584295,66.31744103825247,66.924996584295,66.924996584295
36,68,41,GGTGTCCTACTTTTCCACCCGGAGGGGCAGTATCATCGGCG,62.31465161554627,69.09615955434225,69.09615955434225,62.31465161554627,62.737802363849596
37,35,29,CAGGCTTAGCTTCCGGGTTCGGGATGGGA,61.69701477090791,65.74540065974605,61.69701477090791,65.74540065974605,65.74540065974605
38,65,33,TTTCCACCCGGAAGGGCAGTATCATCGGCGCTG,59.365598101492765,63.38439056653806,63.38439056653806,62.72790645173649,59.365598101492765
39,13,35,GTTCGGGATGGGACCGGGCGTTTCCCTGCCGCTAT,65.02146206317565,69.4460802622703,65.02146206317565,69.4460802622703,69.4460802622703
40,14,22,ACCGGGCGTTTCCCTGCCGCTA,60.65224391179777,61.09852386741528,61.09852386741528,60.65224391179777,60.65224391179777
41,64,34,TTTCCACCCGGAGGGGTAGTATCATCGGCGCTGG,64.16938989619865,67.4846478402277,67.4846478402277,64.16938989619865,64.65432559015869
42,12,35,TTCGGAATGGGACCGGGCGTTTCCCTGCCGCTATG,65.70550329202041,67.06218854515788,67.06218854515788,65.70550329202041,65.70550329202041
43,14,34,GTTCGGGATGGGACCGGGCGTTTCCCTGCCGCTA,66.92100224338014,69.71692305074885,66.92100224338014,69.71692305074885,69.71692305074885
44,27,15,AATGGGACCGGGCGT,56.33966506583175,56.77365239995237,56.77365239995237,56.33966506583175,56.33966506583175
45,62,41,CTACTTTTCCACCCGGAGGGGTAGTATCATCGGCGCTGGCA,65.54219481503429,68.34501385584929,68.34501385584929,65.54219481503429,65.95723465090714
46,25,35,CTTAGCTTCCGGGTTCGGGATGGGACCGGGCGTTT,63.669835788821445,66.80242291407552,63.669835788821445,66.80242291407552,66.80242291407552
47,14,22,ACCGGGCGTTTCCCTGCCGCTG,61.199210359644155,62.006389058880984,62.006389058880984,61.199210359644155,61.199210359644155
48,51,35,GGGGTAGTATCATCGGCGCTGGCAGGCTTAGCTTC,67.02728794455669,68.19605713211644,68.19605713211644,67.02728794455669,67.44876247477617
49,59,28,AGGGGCAGTATCATCGGCGCTGGCAGGC,63.06145707579407,72.88408888474129,72.88408888474129,63.06145707579407,63.71118123930603
50,64,46,CGGTGTCCTACTTTTCCACCCGGATGGGTAGTATCATCGGCGCTGG,65.9190566487045,68.45313958289125,65.9190566487045,66.68691075573673,68.45313958289125
51,32,32,CAGGCTTAGCTTCCGGGTTCGGGATGGGACCG,64.82957088747872,68.32996435249618,64.82957088747872,68.32996435249618,68.32996435249618
52,62,27,GGAGGGGTAGTATCATCGGCGCTGGCA,62.644556385814326,66.98999473508127,66.98999473508127,62.644556385814326,63.273452723855314
53,65,33,TTTCCACCCGGAAGGGCAGTATCATCGGCGCTG,59.365598101492765,63.38439056653806,63.38439056653806,62.72790645173649,59.365598101492765
54,62,37,TTTTCCACCCGGAGGGGCAGTATCATCGGCGCTGGCA,62.86741620057853,70.1727091303245,70.1727091303245,62.86741620057853,63.33157464390081
55,33,31,CAGGCTTAGCTTCCGGGTTCGGAATGGGACC,63.69072215935364,66.68277356460578,66.68277356460578,63.69072215935364,63.69072215935364
56,75,38,CGGCGGTGTCCTACTTTTCCACCCGGAGGGGTAGTATC,63.82370438843856,66.83790129440189,66.83790129440189,63.82370438843856,64.26199748224019
57,31,22,TCCGGGTTCGGGATGGGACCGG,61.20117940127824,66.30156299892064,61.20117940127824,66.30156299892064,66.30156299892064
58,63,36,TTTTCCACCCGGATGGGTAGTATCATCGGCGCTGGC,63.09522328519557,66.49148664376912,63.09522328519557,64.20159544012222,66.49148664376912
59,12,23,CCGGGCGTTTCCCTGCCGCTGTG,57.456040253788046,60.96522258460794,60.96522258460794,57.456040253788046,57.456040253788046
60,26,29,CTTCCGGGTTCGGAATGGGACCGGGCGTT,62.48339737417621,65.52921851642361,65.52921851642361,62.48339737417621,62.48339737417621
61,36,29,GCAGGCTTAGCTTCCGGGTTCGGGATGGG,63.334595161741106,67.26732239384859,63.334595161741106,67.26732239384859,67.26732239384859
62,50,33,GCAGTATCATCGGCGCTGGCAGGCTTAGCTTCC,62.71696719811871,66.98980335680278,66.98980335680278,62.71696719811871,62.71696719811871
63,51,24,ATCGGCGCTGGCAGGCTTAGCTTC,62.62450171932994,62.62450171932994,62.62450171932994,62.62450171932994,62.62450171932994
64,77,36,CGGCGGTGTCCTACTTTTCCACCCGGAGGGGCAGTA,61.443973540967534,69.14902630333495,69.14902630333495,61.443973540967534,61.92286764204317
65,53,23,CATCGGCGCTGGCAGGCTTAGCT,63.28485770986151,63.28485770986151,63.28485770986151,63.28485770986151,63.28485770986151
66,35,31,GGCAGGCTTAGCTTCCGGGTTCGGAATGGGA,64.9921680020222,67.83485800819625,67.83485800819625,64.9921680020222,64.9921680020222
67,56,25,AGTATCATCGGCGCTGGCAGGCTTA,60.85171665406642,60.85171665406642,60.85171665406642,60.85171665406642,60.85171665406642
68,51,28,TATCATCGGCGCTGGCAGGCTTAGCTTC,62.56118889744329,62.56118889744329,62.56118889744329,62.56118889744329,62.56118889744329
69,15,22,GACCGGGCGTTTCCCTGCCGCT,62.15692453628327,62.15692453628327,62.15692453628327,62.15692453628327,62.15692453628327
70,66,38,CCTACTTTTCCACCCGGATGGGTAGTATCATCGGCGCT,61.13080764347967,64.58899887800288,61.13080764347967,62.30261169512431,64.58899887800288
71,18,25,GGATGGGACCGGGCGTTTCCCTGCC,63.38716003890329,68.08013719178598,63.38716003890329,68.08013719178598,68.08013719178598
72,34,24,TAGCTTCCGGGTTCGGGATGGGAC,58.610919921425705,63.75377643664257,58.610919921425705,63.75377643664257,63.75377643664257
73,68,42,CGGTGTCCTACTTTTCCACCCGGATGGGTAGTATCATCGGCG,62.509988403375246,65.4706695542622,62.509988403375246,63.48301314319434,65.4706695542622
74,56,28,GGCAGTATCATCGGCGCTGGCAGGCTTA,60.49589119872911,65.55324978158393,65.55324978158393,60.49589119872911,60.49589119872911
75,27,23,GGGTTCGGAATGGGACCGGGCGT,63.04756385378937,66.8907689003712,66.8907689003712,63.04756385378937,63.04756385378937
76,70,43,CGGCGGTGTCCTACTTTTCCACCCGGATGGGCAGTATCATCGG,63.382395894600904,66.2843457216697,66.2843457216697,63.382395894600904,65.3995518774118
77,18,31,GGTTCGGAATGGGACCGGGCGTTTCCCTGCC,65.9231116395984,68.64842113789354,68.64842113789354,65.9231116395984,65.9231116395984
78,53,21,TCGGCGCTGGCAGGCTTAGCT,63.73875208279276,63.73875208279276,63.73875208279276,63.73875208279276,63.73875208279276
79,63,37,CTTTTCCACCCGGAAGGGTAGTATCATCGGCGCTGGC,63.14577512948773,66.95506709259723,63.14577512948773,66.95506709259723,64.31533893897006
80,57,32,GGAAGGGTAGTATCATCGGCGCTGGCAGGCTT,64.70579540856994,69.05948427854605,64.70579540856994,69.05948427854605,66.02733384934311
81,71,42,CGGCGGTGTCCTACTTTTCCACCCGGAGGGGCAGTATCATCG,62.43401320102839,68.92956049459298,68.92956049459298,62.43401320102839,62.83863757259866
82,60,24,GGTAGTATCATCGGCGCTGGCAGG,61.220401588928155,62.418270647934264,61.220401588928155,62.418270647934264,62.418270647934264
83,77,38,TTCGGCGGTGTCCTACTTTTCCACCCGGAGGGGCAGTA,60.95275826937757,68.25927719360777,68.25927719360777,60.95275826937757,61.40011693402852
84,64,38,TACTTTTCCACCCGGATGGGTAGTATCATCGGCGCTGG,62.2303212763191,65.5563789131644,62.2303212763191,63.33262303802343,65.5563789131644
85,52,23,ATCGGCGCTGGCAGGCTTAGCTT,61.78390748327308,61.78390748327308,61.78390748327308,61.78390748327308,61.78390748327308
86,87,27,TCGGCGGTGTCCTACTTTTCCACCCGG,60.2168743679685,60.2168743679685,60.2168743679685,60.2168743679685,60.2168743679685
87,34,30,CAGGCTTAGCTTCCGGGTTCGGAATGGGAC,62.24596176658906,65.44442660630335,65.44442660630335,62.24596176658906,62.24596176658906
88,41,27,CTGGCAGGCTTAGCTTCCGGGTTCGGA,62.59468094191641,63.37400957976365,63.37400957976365,62.59468094191641,62.59468094191641
89,14,23,GACCGGGCGTTTCCCTGCCGCTA,61.61837226906732,62.080830323359464,62.080830323359464,61.61837226906732,61.61837226906732
90,58,25,GTAGTATCATCGGCGCTGGCAGGCT,61.51993621955438,62.69348619370862,61.51993621955438,62.69348619370862,62.69348619370862
91,37,30,TGGCAGGCTTAGCTTCCGGGTTCGGGATGG,63.91126621071129,67.67725930500796,63.91126621071129,67.67725930500796,67.67725930500796
92,33,30,AGGCTTAGCTTCCGGGTTCGGGATGGGACC,65.06194503099437,68.85978296694822,65.06194503099437,68.85978296694822,68.85978296694822
93,61,42,CTACTTTTCCACCCGGAAGGGTAGTATCATCGGCGCTGGCAG,64.74954120272758,68.0781418457139,64.74954120272758,68.0781418457139,65.74725610170077
94,63,37,CTTTTCCACCCGGATGGGCAGTATCATCGGCGCTGGC,62.346656327014955,65.79525124430859,65.79525124430859,62.346656327014955,64.74999753459622
95,39,30,GCTGGCAGGCTTAGCTTCCGGGTTCGGGAT,63.56092082763945,67.45228540794454,63.56092082763945,67.45228540794454,67.45228540794454
96,23,37,CTTAGCTTCCGGGTTCGGGATGGGACCGGGCGTTTCC,65.22478127869203,68.14818089994748,65.22478127869203,68.14818089994748,68.14818089994748
97,22,27,GGTTCGGAATGGGACCGGGCGTTTCCC,61.49759897417073,64.92536004248717,64.92536004248717,61.49759897417073,61.49759897417073
98,25,29,TTCCGGGTTCGGAATGGGACCGGGCGTTT,61.142977465800584,64.236545006766,64.236545006766,61.142977465800584,61.142977465800584
99,13,33,TCGGGATGGGACCGGGCGTTTCCCTGCCGCTGT,68.81549467744304,70.03613514629296,68.81549467744304,70.03613514629296,70.03613514629296
