,left,length,sequence,min_tm,max_tm,Rp
0,53,43,TCCCATGCCTTATGACATAGTACCATTAGCGCTATGAGGTTTC,61.82484757041999,61.82484757041999,61.82484757041999
1,42,64,CGACTTACTCTCCCATGCCTTATGACATAGTACCATTAGCGCTATGAGGTTTCACATTCGAGTT,64.37727423606856,64.37727423606856,64.37727423606856
2,7,38,GTTCGGGATGGGATCGTGTGTTTCACTCATGCTATAAC,60.62174623973618,60.62174623973618,60.62174623973618
3,35,51,TATGACATAGTACCATTAGCGCTATGAGGTTTCACATTCGAGTTCGGGATG,62.83787546791359,62.83787546791359,62.83787546791359
4,30,43,CATTAGCGCTATGAGGTTTCACATTCGAGTTCGGGATGGGATC,62.73128492957761,62.73128492957761,62.73128492957761
5,48,50,TCTCCCATGCCTTATGACATAGTACCATTAGCGCTATGAGGTTTCACATT,62.32513570550873,62.32513570550873,62.32513570550873
6,19,51,TAGCGCTATGAGGTTTCACATTCGAGTTCGGGATGGGATCGTGTGTTTCAC,64.52806336506342,64.52806336506342,64.52806336506342
7,26,41,CGCTATGAGGTTTCACATTCGAGTTCGGGATGGGATCGTGT,62.6631509487612,62.6631509487612,62.6631509487612
8,41,54,CCCATGCCTTATGACATAGTACCATTAGCGCTATGAGGTTTCACATTCGAGTTC,62.79331817054231,62.79331817054231,62.79331817054231
9,70,39,CAGCGACTTACTCTCCCATGCCTTATGACATAGTACCAT,61.923822921779504,61.923822921779504,61.923822921779504
10,15,51,GCTATGAGGTTTCACATTCGAGTTCGGGATGGGATCGTGTGTTTCACTCAT,63.01621272531321,63.01621272531321,63.01621272531321
11,3,37,GGATGGGATCGTGTGTTTCACTCATGCTATAACCACC,62.65467088294457,62.65467088294457,62.65467088294457
12,27,26,ACATTCGAGTTCGGGATGGGATCGTG,57.64860967558178,57.64860967558178,57.64860967558178
13,52,53,GACTTACTCTCCCATGCCTTATGACATAGTACCATTAGCGCTATGAGGTTTCA,63.76925833915999,63.76925833915999,63.76925833915999
14,7,40,GAGTTCGGGATGGGATCGTGTGTTTCACTCATGCTATAAC,62.041365814927474,62.041365814927474,62.041365814927474
15,33,34,CGCTATGAGGTTTCACATTCGAGTTCGGGATGGG,60.61444860633554,60.61444860633554,60.61444860633554
16,61,35,TCCCATGCCTTATGACATAGTACCATTAGCGCTAT,59.14637925121582,59.14637925121582,59.14637925121582
17,5,42,GAGTTCGGGATGGGATCGTGTGTTTCACTCATGCTATAACCA,62.967738116859664,62.967738116859664,62.967738116859664
18,5,53,GTTTCACATTCGAGTTCGGGATGGGATCGTGTGTTTCACTCATGCTATAACCA,62.2895435572504,62.2895435572504,62.2895435572504
19,66,41,GCGACTTACTCTCCCATGCCTTATGACATAGTACCATTAGC,62.52989956779038,62.52989956779038,62.52989956779038
20,56,45,TACTCTCCCATGCCTTATGACATAGTACCATTAGCGCTATGAGGT,64.7629683904741,64.7629683904741,64.7629683904741
21,44,48,ATGCCTTATGACATAGTACCATTAGCGCTATGAGGTTTCACATTCGAG,61.39403192427261,61.39403192427261,61.39403192427261
22,52,46,TCTCCCATGCCTTATGACATAGTACCATTAGCGCTATGAGGTTTCA,62.23227799713686,62.23227799713686,62.23227799713686
23,18,45,ATGAGGTTTCACATTCGAGTTCGGGATGGGATCGTGTGTTTCACT,61.59117719493844,61.59117719493844,61.59117719493844
24,14,44,GTTTCACATTCGAGTTCGGGATGGGATCGTGTGTTTCACTCATG,59.361320825954635,59.361320825954635,59.361320825954635
25,17,57,CCATTAGCGCTATGAGGTTTCACATTCGAGTTCGGGATGGGATCGTGTGTTTCACTC,64.57351598212051,64.57351598212051,64.57351598212051
26,58,45,CTTACTCTCCCATGCCTTATGACATAGTACCATTAGCGCTATGAG,62.083106553326274,62.083106553326274,62.083106553326274
27,19,51,TAGCGCTATGAGGTTTCACATTCGAGTTCGGGATGGGATCGTGTGTTTCAC,64.52806336506342,64.52806336506342,64.52806336506342
28,28,41,AGCGCTATGAGGTTTCACATTCGAGTTCGGGATGGGATCGT,64.44757112459189,64.44757112459189,64.44757112459189
29,21,52,CATTAGCGCTATGAGGTTTCACATTCGAGTTCGGGATGGGATCGTGTGTTTC,62.70435903058342,62.70435903058342,62.70435903058342
30,27,36,ATGAGGTTTCACATTCGAGTTCGGGATGGGATCGTG,60.88274968736232,60.88274968736232,60.88274968736232
31,27,48,ACCATTAGCGCTATGAGGTTTCACATTCGAGTTCGGGATGGGATCGTG,65.21350284635037,65.21350284635037,65.21350284635037
32,52,52,ACTTACTCTCCCATGCCTTATGACATAGTACCATTAGCGCTATGAGGTTTCA,63.325297442181636,63.325297442181636,63.325297442181636
33,51,54,GACTTACTCTCCCATGCCTTATGACATAGTACCATTAGCGCTATGAGGTTTCAC,64.80647485543875,64.80647485543875,64.80647485543875
34,8,77,ATGACATAGTACCATTAGCGCTATGAGGTTTCACATTCGAGTTCGGGATGGGATCGTGTGTTTCACTCATGCTATAA,66.72522563933978,66.72522563933978,66.72522563933978
35,12,44,TTCACATTCGAGTTCGGGATGGGATCGTGTGTTTCACTCATGCT,61.613203355188375,61.613203355188375,61.613203355188375
36,41,53,CCATGCCTTATGACATAGTACCATTAGCGCTATGAGGTTTCACATTCGAGTTC,61.97160375883641,61.97160375883641,61.97160375883641
37,48,51,CTCTCCCATGCCTTATGACATAGTACCATTAGCGCTATGAGGTTTCACATT,62.34151592560772,62.34151592560772,62.34151592560772
38,30,47,GTACCATTAGCGCTATGAGGTTTCACATTCGAGTTCGGGATGGGATC,64.56481010003563,64.56481010003563,64.56481010003563
39,18,69,TTATGACATAGTACCATTAGCGCTATGAGGTTTCACATTCGAGTTCGGGATGGGATCGTGTGTTTCACT,65.28243378517811,65.28243378517811,65.28243378517811
40,19,69,CTTATGACATAGTACCATTAGCGCTATGAGGTTTCACATTCGAGTTCGGGATGGGATCGTGTGTTTCAC,65.28243378517811,65.28243378517811,65.28243378517811
41,8,61,AGCGCTATGAGGTTTCACATTCGAGTTCGGGATGGGATCGTGTGTTTCACTCATGCTATAA,65.66868424036915,65.66868424036915,65.66868424036915
42,53,52,GACTTACTCTCCCATGCCTTATGACATAGTACCATTAGCGCTATGAGGTTTC,63.89676923952754,63.89676923952754,63.89676923952754
43,1,57,GTTTCACATTCGAGTTCGGGATGGGATCGTGTGTTTCACTCATGCTATAACCACCAA,63.9305845785961,63.9305845785961,63.9305845785961
44,58,39,CTCCCATGCCTTATGACATAGTACCATTAGCGCTATGAG,61.47084523855324,61.47084523855324,61.47084523855324
45,60,48,AGCGACTTACTCTCCCATGCCTTATGACATAGTACCATTAGCGCTATG,64.97577319272591,64.97577319272591,64.97577319272591
46,82,32,CTTGGCAGCGACTTACTCTCCCATGCCTTATG,60.169599258849416,60.169599258849416,60.169599258849416
47,42,48,GCCTTATGACATAGTACCATTAGCGCTATGAGGTTTCACATTCGAGTT,60.35032526102924,60.35032526102924,60.35032526102924
48,12,50,TGAGGTTTCACATTCGAGTTCGGGATGGGATCGTGTGTTTCACTCATGCT,63.70823127841072,63.70823127841072,63.70823127841072
49,30,53,GACATAGTACCATTAGCGCTATGAGGTTTCACATTCGAGTTCGGGATGGGATC,65.98099787238903,65.98099787238903,65.98099787238903
50,34,46,ATAGTACCATTAGCGCTATGAGGTTTCACATTCGAGTTCGGGATGG,62.70974687941771,62.70974687941771,62.70974687941771
51,43,60,CTTACTCTCCCATGCCTTATGACATAGTACCATTAGCGCTATGAGGTTTCACATTCGAGT,63.841622940987634,63.841622940987634,63.841622940987634
52,3,55,GTTTCACATTCGAGTTCGGGATGGGATCGTGTGTTTCACTCATGCTATAACCACC,64.01373263051511,64.01373263051511,64.01373263051511
53,42,51,CATGCCTTATGACATAGTACCATTAGCGCTATGAGGTTTCACATTCGAGTT,60.68813131485251,60.68813131485251,60.68813131485251
54,47,55,TTACTCTCCCATGCCTTATGACATAGTACCATTAGCGCTATGAGGTTTCACATTC,62.710155736005504,62.710155736005504,62.710155736005504
55,8,65,CATTAGCGCTATGAGGTTTCACATTCGAGTTCGGGATGGGATCGTGTGTTTCACTCATGCTATAA,64.5243244508772,64.5243244508772,64.5243244508772
56,8,44,CATTCGAGTTCGGGATGGGATCGTGTGTTTCACTCATGCTATAA,60.41290154175795,60.41290154175795,60.41290154175795
57,10,36,AGTTCGGGATGGGATCGTGTGTTTCACTCATGCTAT,60.269549723907744,60.269549723907744,60.269549723907744
58,34,41,ACCATTAGCGCTATGAGGTTTCACATTCGAGTTCGGGATGG,62.54218511780107,62.54218511780107,62.54218511780107
59,11,54,CTATGAGGTTTCACATTCGAGTTCGGGATGGGATCGTGTGTTTCACTCATGCTA,63.097143836294606,63.097143836294606,63.097143836294606
60,46,60,CGACTTACTCTCCCATGCCTTATGACATAGTACCATTAGCGCTATGAGGTTTCACATTCG,64.15298239294066,64.15298239294066,64.15298239294066
61,49,53,TTACTCTCCCATGCCTTATGACATAGTACCATTAGCGCTATGAGGTTTCACAT,63.12641475365086,63.12641475365086,63.12641475365086
62,31,36,CGCTATGAGGTTTCACATTCGAGTTCGGGATGGGAT,61.18725226275433,61.18725226275433,61.18725226275433
63,73,39,TGGCAGCGACTTACTCTCCCATGCCTTATGACATAGTAC,65.27730978908778,65.27730978908778,65.27730978908778
64,38,49,TTATGACATAGTACCATTAGCGCTATGAGGTTTCACATTCGAGTTCGGG,61.26965182146654,61.26965182146654,61.26965182146654
65,2,43,GTTCGGGATGGGATCGTGTGTTTCACTCATGCTATAACCACCA,63.80769151345186,63.80769151345186,63.80769151345186
66,30,48,AGTACCATTAGCGCTATGAGGTTTCACATTCGAGTTCGGGATGGGATC,65.17125589484601,65.17125589484601,65.17125589484601
67,45,43,CTTATGACATAGTACCATTAGCGCTATGAGGTTTCACATTCGA,57.4687614493638,57.4687614493638,57.4687614493638
68,64,38,TTACTCTCCCATGCCTTATGACATAGTACCATTAGCGC,60.41152196909525,60.41152196909525,60.41152196909525
69,69,38,GCGACTTACTCTCCCATGCCTTATGACATAGTACCATT,59.987522367980546,59.987522367980546,59.987522367980546
70,7,48,TCACATTCGAGTTCGGGATGGGATCGTGTGTTTCACTCATGCTATAAC,63.025336586973594,63.025336586973594,63.025336586973594
71,16,58,CCATTAGCGCTATGAGGTTTCACATTCGAGTTCGGGATGGGATCGTGTGTTTCACTCA,64.45720477631335,64.45720477631335,64.45720477631335
72,54,49,CTTACTCTCCCATGCCTTATGACATAGTACCATTAGCGCTATGAGGTTT,61.90742698381649,61.90742698381649,61.90742698381649
73,8,48,TTCACATTCGAGTTCGGGATGGGATCGTGTGTTTCACTCATGCTATAA,61.12637835633416,61.12637835633416,61.12637835633416
74,48,48,TCCCATGCCTTATGACATAGTACCATTAGCGCTATGAGGTTTCACATT,61.86429155036626,61.86429155036626,61.86429155036626
75,30,43,CATTAGCGCTATGAGGTTTCACATTCGAGTTCGGGATGGGATC,62.73128492957761,62.73128492957761,62.73128492957761
76,18,44,TGAGGTTTCACATTCGAGTTCGGGATGGGATCGTGTGTTTCACT,61.64718620030823,61.64718620030823,61.64718620030823
77,5,39,TTCGGGATGGGATCGTGTGTTTCACTCATGCTATAACCA,61.460936096352725,61.460936096352725,61.460936096352725
78,47,44,TGCCTTATGACATAGTACCATTAGCGCTATGAGGTTTCACATTC,59.98846646563453,59.98846646563453,59.98846646563453
79,52,48,ACTCTCCCATGCCTTATGACATAGTACCATTAGCGCTATGAGGTTTCA,63.41193500074013,63.41193500074013,63.41193500074013
80,53,46,CTCTCCCATGCCTTATGACATAGTACCATTAGCGCTATGAGGTTTC,62.357428061145015,62.357428061145015,62.357428061145015
81,36,49,ATGACATAGTACCATTAGCGCTATGAGGTTTCACATTCGAGTTCGGGAT,62.744211523812965,62.744211523812965,62.744211523812965
82,22,47,AGCGCTATGAGGTTTCACATTCGAGTTCGGGATGGGATCGTGTGTTT,63.56922916353375,63.56922916353375,63.56922916353375
83,15,40,TCACATTCGAGTTCGGGATGGGATCGTGTGTTTCACTCAT,60.346805971322055,60.346805971322055,60.346805971322055
84,29,41,TAGCGCTATGAGGTTTCACATTCGAGTTCGGGATGGGATCG,63.97956137460733,63.97956137460733,63.97956137460733
85,34,43,GTACCATTAGCGCTATGAGGTTTCACATTCGAGTTCGGGATGG,62.39083371988232,62.39083371988232,62.39083371988232
86,27,33,AGGTTTCACATTCGAGTTCGGGATGGGATCGTG,59.71869770968078,59.71869770968078,59.71869770968078
87,36,50,TATGACATAGTACCATTAGCGCTATGAGGTTTCACATTCGAGTTCGGGAT,62.47107616505576,62.47107616505576,62.47107616505576
88,19,55,CCATTAGCGCTATGAGGTTTCACATTCGAGTTCGGGATGGGATCGTGTGTTTCAC,64.26838298020931,64.26838298020931,64.26838298020931
89,66,43,CAGCGACTTACTCTCCCATGCCTTATGACATAGTACCATTAGC,63.20465184537892,63.20465184537892,63.20465184537892
90,73,37,GCAGCGACTTACTCTCCCATGCCTTATGACATAGTAC,62.97653072841041,62.97653072841041,62.97653072841041
91,44,45,CCTTATGACATAGTACCATTAGCGCTATGAGGTTTCACATTCGAG,59.36959793472681,59.36959793472681,59.36959793472681
92,51,49,ACTCTCCCATGCCTTATGACATAGTACCATTAGCGCTATGAGGTTTCAC,64.54678276677458,64.54678276677458,64.54678276677458
93,46,53,CTCTCCCATGCCTTATGACATAGTACCATTAGCGCTATGAGGTTTCACATTCG,62.83389581737538,62.83389581737538,62.83389581737538
94,31,47,AGTACCATTAGCGCTATGAGGTTTCACATTCGAGTTCGGGATGGGAT,64.7969553126805,64.7969553126805,64.7969553126805
95,32,34,GCTATGAGGTTTCACATTCGAGTTCGGGATGGGA,61.05462325331905,61.05462325331905,61.05462325331905
96,5,38,TCGGGATGGGATCGTGTGTTTCACTCATGCTATAACCA,62.49015704230379,62.49015704230379,62.49015704230379
97,63,42,GACTTACTCTCCCATGCCTTATGACATAGTACCATTAGCGCT,62.54658411144101,62.54658411144101,62.54658411144101
98,69,40,CAGCGACTTACTCTCCCATGCCTTATGACATAGTACCATT,60.841893768839896,60.841893768839896,60.841893768839896
99,26,40,GCTATGAGGTTTCACATTCGAGTTCGGGATGGGATCGTGT,62.561700943163544,62.561700943163544,62.561700943163544
