,left,length,sequence,min_tm,max_tm,Sa
0,69,41,GCAACGTTCTACTCTAGCGGAACGTAAGTTCGACTACCATC,63.210486209005694,63.210486209005694,63.210486209005694
1,70,39,CAACGTTCTACTCTAGCGGAACGTAAGTTCGACTACCAT,60.80111399082398,60.80111399082398,60.80111399082398
2,44,41,AAGTTCGACTACCATCGACGCTAAGGAGCTTAACTTCTGTG,62.83426640818158,62.83426640818158,62.83426640818158
3,5,35,GCATGGGAACAGGTGTGACCTCCTTGCTATAGTCA,65.89911963356695,65.89911963356695,65.89911963356695
4,35,46,TCGACTACCATCGACGCTAAGGAGCTTAACTTCTGTGTTCGGCATG,65.83082737104519,65.83082737104519,65.83082737104519
5,36,44,CGACTACCATCGACGCTAAGGAGCTTAACTTCTGTGTTCGGCAT,65.07435621052531,65.07435621052531,65.07435621052531
6,28,33,GGAGCTTAACTTCTGTGTTCGGCATGGGAACAG,62.85624123633022,62.85624123633022,62.85624123633022
7,71,39,GCAACGTTCTACTCTAGCGGAACGTAAGTTCGACTACCA,62.789979151841635,62.789979151841635,62.789979151841635
8,67,31,TCTAGCGGAACGTAAGTTCGACTACCATCGA,59.26419338257398,59.26419338257398,59.26419338257398
9,33,35,ACGCTAAGGAGCTTAACTTCTGTGTTCGGCATGGG,64.11269651407565,64.11269651407565,64.11269651407565
10,53,37,AACGTAAGTTCGACTACCATCGACGCTAAGGAGCTTA,62.10299813842073,62.10299813842073,62.10299813842073
11,66,33,CTCTAGCGGAACGTAAGTTCGACTACCATCGAC,61.07798713626636,61.07798713626636,61.07798713626636
12,39,52,GAACGTAAGTTCGACTACCATCGACGCTAAGGAGCTTAACTTCTGTGTTCGG,65.3547499785642,65.3547499785642,65.3547499785642
13,35,37,ATCGACGCTAAGGAGCTTAACTTCTGTGTTCGGCATG,61.72611196424725,61.72611196424725,61.72611196424725
14,1,31,ACAGGTGTGACCTCCTTGCTATAGTCACCAG,62.38417587606483,62.38417587606483,62.38417587606483
15,33,30,AAGGAGCTTAACTTCTGTGTTCGGCATGGG,60.581351120516445,60.581351120516445,60.581351120516445
16,48,31,GACTACCATCGACGCTAAGGAGCTTAACTTC,60.478865078612614,60.478865078612614,60.478865078612614
17,64,36,ACTCTAGCGGAACGTAAGTTCGACTACCATCGACGC,64.89731593064909,64.89731593064909,64.89731593064909
18,36,39,ACCATCGACGCTAAGGAGCTTAACTTCTGTGTTCGGCAT,63.632971151980996,63.632971151980996,63.632971151980996
19,19,25,TTCGGCATGGGAACAGGTGTGACCT,63.39734342327682,63.39734342327682,63.39734342327682
20,41,43,AGTTCGACTACCATCGACGCTAAGGAGCTTAACTTCTGTGTTC,62.41174495187312,62.41174495187312,62.41174495187312
21,36,47,GTTCGACTACCATCGACGCTAAGGAGCTTAACTTCTGTGTTCGGCAT,64.60005624967266,64.60005624967266,64.60005624967266
22,11,25,GGGAACAGGTGTGACCTCCTTGCTA,62.16732712913489,62.16732712913489,62.16732712913489
23,12,28,GCATGGGAACAGGTGTGACCTCCTTGCT,65.83592982284216,65.83592982284216,65.83592982284216
24,6,29,GGAACAGGTGTGACCTCCTTGCTATAGTC,61.350460246213174,61.350460246213174,61.350460246213174
25,66,41,ACGTTCTACTCTAGCGGAACGTAAGTTCGACTACCATCGAC,63.474276910791616,63.474276910791616,63.474276910791616
26,24,37,GGAGCTTAACTTCTGTGTTCGGCATGGGAACAGGTGT,65.4594796146826,65.4594796146826,65.4594796146826
27,8,28,GGGAACAGGTGTGACCTCCTTGCTATAG,62.77017260097517,62.77017260097517,62.77017260097517
28,21,31,CTTCTGTGTTCGGCATGGGAACAGGTGTGAC,62.83914733729415,62.83914733729415,62.83914733729415
29,21,25,TGTTCGGCATGGGAACAGGTGTGAC,62.66580278914631,62.66580278914631,62.66580278914631
30,21,21,CGGCATGGGAACAGGTGTGAC,62.45968407535662,62.45968407535662,62.45968407535662
31,28,37,CTAAGGAGCTTAACTTCTGTGTTCGGCATGGGAACAG,63.42738878168319,63.42738878168319,63.42738878168319
32,50,41,GAACGTAAGTTCGACTACCATCGACGCTAAGGAGCTTAACT,64.18923744260331,64.18923744260331,64.18923744260331
33,7,31,ATGGGAACAGGTGTGACCTCCTTGCTATAGT,63.5033734437481,63.5033734437481,63.5033734437481
34,31,37,ACGCTAAGGAGCTTAACTTCTGTGTTCGGCATGGGAA,64.74532415271085,64.74532415271085,64.74532415271085
35,35,33,ACGCTAAGGAGCTTAACTTCTGTGTTCGGCATG,60.28413957966643,60.28413957966643,60.28413957966643
36,17,19,GGGAACAGGTGTGACCTCC,59.96792777690922,59.96792777690922,59.96792777690922
37,54,36,AACGTAAGTTCGACTACCATCGACGCTAAGGAGCTT,62.479551676602625,62.479551676602625,62.479551676602625
38,53,39,GGAACGTAAGTTCGACTACCATCGACGCTAAGGAGCTTA,64.45591259598683,64.45591259598683,64.45591259598683
39,5,32,TGGGAACAGGTGTGACCTCCTTGCTATAGTCA,64.10485991765592,64.10485991765592,64.10485991765592
40,53,35,CGTAAGTTCGACTACCATCGACGCTAAGGAGCTTA,60.4611198232933,60.4611198232933,60.4611198232933
41,42,49,GAACGTAAGTTCGACTACCATCGACGCTAAGGAGCTTAACTTCTGTGTT,63.67598326659987,63.67598326659987,63.67598326659987
42,39,36,ACCATCGACGCTAAGGAGCTTAACTTCTGTGTTCGG,61.95950571588838,61.95950571588838,61.95950571588838
43,85,29,CCTGGCAACGTTCTACTCTAGCGGAACGT,61.53807212411243,61.53807212411243,61.53807212411243
44,5,30,GGAACAGGTGTGACCTCCTTGCTATAGTCA,61.21520770711652,61.21520770711652,61.21520770711652
45,67,40,ACGTTCTACTCTAGCGGAACGTAAGTTCGACTACCATCGA,62.131972566965146,62.131972566965146,62.131972566965146
46,67,40,ACGTTCTACTCTAGCGGAACGTAAGTTCGACTACCATCGA,62.131972566965146,62.131972566965146,62.131972566965146
47,62,39,TACTCTAGCGGAACGTAAGTTCGACTACCATCGACGCTA,64.02797946636929,64.02797946636929,64.02797946636929
48,44,37,TCGACTACCATCGACGCTAAGGAGCTTAACTTCTGTG,62.85834896150811,62.85834896150811,62.85834896150811
49,85,28,CTGGCAACGTTCTACTCTAGCGGAACGT,59.94464634826778,59.94464634826778,59.94464634826778
50,52,38,AACGTAAGTTCGACTACCATCGACGCTAAGGAGCTTAA,62.19409313300997,62.19409313300997,62.19409313300997
51,66,37,TCTACTCTAGCGGAACGTAAGTTCGACTACCATCGAC,62.93872537071093,62.93872537071093,62.93872537071093
52,56,29,AAGTTCGACTACCATCGACGCTAAGGAGC,61.99070432741547,61.99070432741547,61.99070432741547
53,21,24,GTTCGGCATGGGAACAGGTGTGAC,61.89562317295207,61.89562317295207,61.89562317295207
54,37,35,ATCGACGCTAAGGAGCTTAACTTCTGTGTTCGGCA,61.24450560274545,61.24450560274545,61.24450560274545
55,33,37,CGACGCTAAGGAGCTTAACTTCTGTGTTCGGCATGGG,64.73037612441243,64.73037612441243,64.73037612441243
56,26,35,GGAGCTTAACTTCTGTGTTCGGCATGGGAACAGGT,64.89361378360798,64.89361378360798,64.89361378360798
57,9,29,ATGGGAACAGGTGTGACCTCCTTGCTATA,62.15459975463307,62.15459975463307,62.15459975463307
58,74,37,GGCAACGTTCTACTCTAGCGGAACGTAAGTTCGACTA,62.078978457988,62.078978457988,62.078978457988
59,13,25,ATGGGAACAGGTGTGACCTCCTTGC,63.35802611793099,63.35802611793099,63.35802611793099
60,36,50,TAAGTTCGACTACCATCGACGCTAAGGAGCTTAACTTCTGTGTTCGGCAT,64.91877651727992,64.91877651727992,64.91877651727992
61,47,43,AACGTAAGTTCGACTACCATCGACGCTAAGGAGCTTAACTTCT,63.04847681325714,63.04847681325714,63.04847681325714
62,64,37,TACTCTAGCGGAACGTAAGTTCGACTACCATCGACGC,64.45895085982278,64.45895085982278,64.45895085982278
63,54,29,GTTCGACTACCATCGACGCTAAGGAGCTT,59.319642231442856,59.319642231442856,59.319642231442856
64,57,34,GAACGTAAGTTCGACTACCATCGACGCTAAGGAG,62.22061821056292,62.22061821056292,62.22061821056292
65,27,33,GAGCTTAACTTCTGTGTTCGGCATGGGAACAGG,62.856241236330106,62.856241236330106,62.856241236330106
66,46,48,GCGGAACGTAAGTTCGACTACCATCGACGCTAAGGAGCTTAACTTCTG,66.91120352621982,66.91120352621982,66.91120352621982
67,72,39,GGCAACGTTCTACTCTAGCGGAACGTAAGTTCGACTACC,64.64756288457119,64.64756288457119,64.64756288457119
68,39,44,GTTCGACTACCATCGACGCTAAGGAGCTTAACTTCTGTGTTCGG,63.28348360356455,63.28348360356455,63.28348360356455
69,63,33,TAGCGGAACGTAAGTTCGACTACCATCGACGCT,62.78967896241454,62.78967896241454,62.78967896241454
70,61,44,GTTCTACTCTAGCGGAACGTAAGTTCGACTACCATCGACGCTAA,63.61494074496392,63.61494074496392,63.61494074496392
71,8,30,ATGGGAACAGGTGTGACCTCCTTGCTATAG,63.29306236178303,63.29306236178303,63.29306236178303
72,14,22,GGGAACAGGTGTGACCTCCTTG,59.33754800933906,59.33754800933906,59.33754800933906
73,10,29,CATGGGAACAGGTGTGACCTCCTTGCTAT,62.46832592556029,62.46832592556029,62.46832592556029
74,31,36,CGCTAAGGAGCTTAACTTCTGTGTTCGGCATGGGAA,63.32028029542448,63.32028029542448,63.32028029542448
75,72,36,AACGTTCTACTCTAGCGGAACGTAAGTTCGACTACC,61.038663906670536,61.038663906670536,61.038663906670536
76,53,37,AACGTAAGTTCGACTACCATCGACGCTAAGGAGCTTA,62.10299813842073,62.10299813842073,62.10299813842073
77,63,31,GCGGAACGTAAGTTCGACTACCATCGACGCT,62.21266723503902,62.21266723503902,62.21266723503902
78,20,28,TGTGTTCGGCATGGGAACAGGTGTGACC,65.09013900782531,65.09013900782531,65.09013900782531
79,7,30,TGGGAACAGGTGTGACCTCCTTGCTATAGT,63.660639751956865,63.660639751956865,63.660639751956865
80,84,30,CCTGGCAACGTTCTACTCTAGCGGAACGTA,61.1104989191997,61.1104989191997,61.1104989191997
81,67,36,TCTACTCTAGCGGAACGTAAGTTCGACTACCATCGA,61.409379644101136,61.409379644101136,61.409379644101136
82,13,23,GGGAACAGGTGTGACCTCCTTGC,62.73283869291646,62.73283869291646,62.73283869291646
83,73,30,TCTACTCTAGCGGAACGTAAGTTCGACTAC,58.25737057731925,58.25737057731925,58.25737057731925
84,23,25,TGTGTTCGGCATGGGAACAGGTGTG,60.752186386068445,60.752186386068445,60.752186386068445
85,11,25,GGGAACAGGTGTGACCTCCTTGCTA,62.16732712913489,62.16732712913489,62.16732712913489
86,47,39,TAAGTTCGACTACCATCGACGCTAAGGAGCTTAACTTCT,61.28933988339912,61.28933988339912,61.28933988339912
87,0,33,AACAGGTGTGACCTCCTTGCTATAGTCACCAGA,63.247678395351386,63.247678395351386,63.247678395351386
88,15,30,GTTCGGCATGGGAACAGGTGTGACCTCCTT,64.25708742244075,64.25708742244075,64.25708742244075
89,5,31,GGGAACAGGTGTGACCTCCTTGCTATAGTCA,63.517664708751454,63.517664708751454,63.517664708751454
90,54,25,GACTACCATCGACGCTAAGGAGCTT,59.02871837600998,59.02871837600998,59.02871837600998
91,23,28,TTCTGTGTTCGGCATGGGAACAGGTGTG,60.25892739480395,60.25892739480395,60.25892739480395
92,55,23,ACTACCATCGACGCTAAGGAGCT,59.579914581363596,59.579914581363596,59.579914581363596
93,47,46,CGGAACGTAAGTTCGACTACCATCGACGCTAAGGAGCTTAACTTCT,65.06962073803771,65.06962073803771,65.06962073803771
94,3,30,AACAGGTGTGACCTCCTTGCTATAGTCACC,61.505669423536744,61.505669423536744,61.505669423536744
95,35,43,ACTACCATCGACGCTAAGGAGCTTAACTTCTGTGTTCGGCATG,64.95126420522104,64.95126420522104,64.95126420522104
96,12,25,TGGGAACAGGTGTGACCTCCTTGCT,63.53964575891075,63.53964575891075,63.53964575891075
97,38,42,CGACTACCATCGACGCTAAGGAGCTTAACTTCTGTGTTCGGC,65.40230159092351,65.40230159092351,65.40230159092351
98,4,31,GGAACAGGTGTGACCTCCTTGCTATAGTCAC,63.1143165021582,63.1143165021582,63.1143165021582
99,4,31,GGAACAGGTGTGACCTCCTTGCTATAGTCAC,63.1143165021582,63.1143165021582,63.1143165021582
