,left,length,sequence,min_tm,max_tm,Pa,Ec,Ec,Ec,Ec
0,7,56,GGCGTTTCACTTCTGAGTTCGGGATGGGGTCAGGTGGTACCAACGCTCTACGGTCG,60.3993549075642,65.8603560475313,60.3993549075642,63.60836880955645,65.8603560475313,63.60836880955645,63.60836880955645
1,25,26,CTGAGTTCGGGAAGGGGTCAGGTGGG,59.82162420186262,61.76754871173932,61.76754871173932,59.82162420186262,59.82162420186262,59.82162420186262,59.82162420186262
2,13,44,TCACTTCTGAGTTCGGCAAGGGATCAGGTGGGTCCAACGCGCTA,63.10515792264482,63.637599217470154,63.637599217470154,63.10515792264482,63.10515792264482,63.10515792264482,63.10515792264482
3,74,27,TCTCGCATGGGGAGACCCCACACTACC,64.0998583143811,69.81707611698346,66.570337652393,69.81707611698346,69.81707611698346,64.0998583143811,69.81707611698346
4,36,53,AGACCCCACACTACCATCGGCGCTGCGGCGTTTCACTTCTGAGTTCGGCATGG,63.30875120092361,70.62850648889929,63.30875120092361,70.62850648889929,70.62850648889929,70.62850648889929,70.62850648889929
5,13,37,TGAGTTCGGGATGGGATCAGGTGGGTCCAACGCGCTA,61.79483636234863,63.86840916127471,63.86840916127471,61.79483636234863,61.79483636234863,61.79483636234863,61.79483636234863
6,45,41,CCCCACACTACCATCGGCGATGCGGCGTTTCACTTCTGAGT,63.281264648373224,64.1026840740314,64.1026840740314,63.281264648373224,63.281264648373224,63.281264648373224,63.281264648373224
7,15,57,CGGCGCTGCGTCGTTTCACTTCTGAGTTCGGCAAGGGGTCAGGTGGTACCAACGCTC,63.33633737179588,64.80026642949434,64.80026642949434,63.33633737179588,63.33633737179588,63.33633737179588,63.33633737179588
8,68,33,TCTCACATGAGGAGACCCCACACTACCATCGGC,61.75040330722078,66.38771734000835,66.2188709835637,61.75040330722078,61.75040330722078,66.38771734000835,61.75040330722078
9,33,51,CCACACTACCATCGGCGATACGTCGTTTCACTTCTGAGTTCGGCATGGGAT,60.027898491056476,62.769872353252026,60.027898491056476,62.769872353252026,62.769872353252026,62.769872353252026,62.769872353252026
10,19,40,TTTCACTTCTGAGTTCGGGATGGGATCAGGTGGGTCCACC,58.39074667992827,60.130144559920836,58.39074667992827,60.130144559920836,60.130144559920836,60.130144559920836,60.130144559920836
11,68,22,GAGACCCCACACTACCATCGGC,63.12702351456926,63.12702351456926,63.12702351456926,63.12702351456926,63.12702351456926,63.12702351456926,63.12702351456926
12,15,30,TCGGGAAGGGGTCAGGTGGTACCAACGCGC,61.268100497827334,63.29532698187569,63.29532698187569,61.268100497827334,61.268100497827334,61.268100497827334,61.268100497827334
13,74,33,CCCTACTCTCACATGGGGAGACCCCACACTACC,63.00297942894963,70.96827240398596,70.96827240398596,68.31653122807,68.31653122807,63.00297942894963,68.31653122807
14,15,31,TTCGGGAAGGGGTCAGGTGGGTCCACCGCTC,59.619611493414254,61.008285106235064,61.008285106235064,59.619611493414254,59.619611493414254,59.619611493414254,59.619611493414254
15,17,35,TCTGAGTTCGGGATGGGATCAGGTGGGTCCAACGC,60.33427877015782,65.9605186810615,65.9605186810615,60.33427877015782,60.33427877015782,60.33427877015782,60.33427877015782
16,55,36,GGAGACCCCACACTACCATCGGCGCTGCGTCGTTTC,62.53724909044587,64.64082731500105,64.64082731500105,62.53724909044587,62.53724909044587,62.53724909044587,62.53724909044587
17,20,39,TTTCACTTCTGAGTTCGGGATGGGGTCAGGTGGGTCCAC,58.986247236867825,62.555947797091676,58.986247236867825,62.555947797091676,62.555947797091676,62.555947797091676,62.555947797091676
18,20,38,TTCACTTCTGAGTTCGGGAAGGGGTCAGGTGGGTCCAC,61.27574888214133,63.26443567495397,63.26443567495397,61.27574888214133,61.27574888214133,61.27574888214133,61.27574888214133
19,26,46,CGGCGCTGCGGCGTTTCACTTCTGAGTTCGGGAAGGGGTCAGGTGG,65.09567571553339,66.15191393170159,65.09567571553339,66.15191393170159,66.15191393170159,66.15191393170159,66.15191393170159
20,14,41,ACTTCTGAGTTCGGGAAGGGGTCAGGTGGTACCAACGCGCT,63.69907575421354,65.09785208995288,65.09785208995288,63.69907575421354,63.69907575421354,63.69907575421354,63.69907575421354
21,16,40,CACTTCTGAGTTCGGCAAGGGGTCAGGTGGTACCAACGCT,61.38656206758674,63.729977208176706,61.38656206758674,63.729977208176706,63.729977208176706,63.729977208176706,63.729977208176706
22,68,29,GCATGGGGAGACCCCACACTACCATCGGC,68.29205508854653,73.15695960881254,70.71355956322839,73.15695960881254,73.15695960881254,68.29205508854653,73.15695960881254
23,14,39,TTCTGAGTTCGGGAAGGGATCAGGTGGGTCCACCGCGCT,62.30358493392686,62.95401760927706,62.95401760927706,62.30358493392686,62.30358493392686,62.30358493392686,62.30358493392686
24,61,32,GGGGAGACCCCACACTACCATCGGCGATGCGT,63.06046100971645,73.17608723935871,73.17608723935871,68.21290566586953,68.21290566586953,63.06046100971645,68.21290566586953
25,17,27,CGGGAAGGGGTCAGGTGGGTCCACCGC,60.71941331021378,62.8342071464661,60.71941331021378,62.8342071464661,62.8342071464661,62.8342071464661,62.8342071464661
26,69,23,GGGAGACCCCACACTACCATCGG,62.701343677210616,65.81396709580645,65.81396709580645,65.81396709580645,65.81396709580645,62.701343677210616,65.81396709580645
27,13,49,GCGTTTCACTTCTGAGTTCGGGAAGGGATCAGGTGGGTCCAACGCGCTA,61.12522679326986,65.52995624852883,65.52995624852883,61.12522679326986,61.12522679326986,61.12522679326986,61.12522679326986
28,17,33,TGAGTTCGGGATGGGATCAGGTGGGTCCAACGC,59.453909620137665,65.47102326425926,65.47102326425926,59.453909620137665,59.453909620137665,59.453909620137665,59.453909620137665
29,15,29,CGGGAAGGGGTCAGGTGGGTCCAACGCGC,61.564025445678055,64.77898327864136,64.77898327864136,61.564025445678055,61.564025445678055,61.564025445678055,61.564025445678055
30,76,28,TACTCTCGCATGGGGAGACCCCACACTA,61.63433534562165,67.4165906468861,64.12465415110495,67.4165906468861,67.4165906468861,61.63433534562165,67.4165906468861
31,55,42,GCATGGGGAGACCCCACACTACCATCGGCGCTACGTCGTTTC,63.847591745118336,69.7974350513121,63.847591745118336,69.7974350513121,69.7974350513121,66.3271876806873,69.7974350513121
32,12,27,TGGGGTCAGGTGGGTCCAACGCTCTAC,58.60725828274195,58.76496198958165,58.76496198958165,58.60725828274195,58.60725828274195,58.60725828274195,58.60725828274195
33,73,30,ACTCTCGCATGGGGAGACCCCACACTACCA,65.91635162986876,70.98033065005762,68.0948512124412,70.98033065005762,70.98033065005762,65.91635162986876,70.98033065005762
34,24,40,CGGCGTTTCACTTCTGAGTTCGGGATGGGATCAGGTGGGT,59.60661572722324,62.590926286348065,59.60661572722324,62.590926286348065,62.590926286348065,62.590926286348065,62.590926286348065
35,13,31,CGGGATGGGATCAGGTGGGTCCAACGCGCTA,59.413444145678454,62.01993334313039,62.01993334313039,59.413444145678454,59.413444145678454,59.413444145678454,59.413444145678454
36,19,35,CTTCTGAGTTCGGGATGGGGTCAGGTGGGTCCAAC,60.81163398058237,60.97514662531938,60.81163398058237,60.97514662531938,60.97514662531938,60.97514662531938,60.97514662531938
37,70,35,CTACTCTCGCATGAGGAGACCCCACACTACCATCG,60.65632228167965,67.69347478977545,60.65632228167965,63.68386727928208,63.68386727928208,67.69347478977545,63.68386727928208
38,18,43,CGTTTCACTTCTGAGTTCGGGATGGGGTCAGGTGGGTCCAACG,61.26996199387975,61.37971929230781,61.26996199387975,61.37971929230781,61.37971929230781,61.37971929230781,61.37971929230781
39,25,27,TCTGAGTTCGGGAAGGGGTCAGGTGGG,60.70667500389885,62.60234053601158,62.60234053601158,60.70667500389885,60.70667500389885,60.70667500389885,60.70667500389885
40,27,50,ACCATCGGCGCTGCGGCGTTTCACTTCTGAGTTCGGGAAGGGGTCAGGTG,65.8297023746286,66.80070580141955,65.8297023746286,66.80070580141955,66.80070580141955,66.80070580141955,66.80070580141955
41,14,37,CTGAGTTCGGCAAGGGATCAGGTGGTACCAACGCGCT,60.92573684876919,61.18121150879858,60.92573684876919,61.18121150879858,61.18121150879858,61.18121150879858,61.18121150879858
42,59,31,GAGACCCCACACTACCATCGGCGCTGCGGCG,63.99084311610466,69.33734961304538,63.99084311610466,69.33734961304538,69.33734961304538,69.33734961304538,69.33734961304538
43,75,25,CTCGCATGGGGAGACCCCACACTAC,61.150548246825224,67.63828054881225,63.9639465000609,67.63828054881225,67.63828054881225,61.150548246825224,67.63828054881225
44,12,31,GGGAAGGGGTCAGGTGGGTCCAACGCGCTAT,60.881542597991654,63.91179898283269,63.91179898283269,60.881542597991654,60.881542597991654,60.881542597991654,60.881542597991654
45,62,42,TACTCTCACATGAGGAGACCCCACACTACCATCGGCGATACG,63.93440026736084,67.48018803192775,65.20712042649069,63.93440026736084,63.93440026736084,67.48018803192775,63.93440026736084
46,69,36,CTACTCTCACATGGGGAGACCCCACACTACCATCGG,62.7735153729742,70.92005723140267,70.92005723140267,67.4110335351557,67.4110335351557,62.7735153729742,67.4110335351557
47,33,41,ATCGGCGCTGCGGCGTTTCACTTCTGAGTTCGGGAAGGGAT,58.56080554224707,62.041711735540275,62.041711735540275,58.56080554224707,58.56080554224707,58.56080554224707,58.56080554224707
48,29,33,GCGTTTCACTTCTGAGTTCGGGAAGGGGTCAGG,57.130536985079004,58.52219514688562,58.52219514688562,57.130536985079004,57.130536985079004,57.130536985079004,57.130536985079004
49,75,29,TACTCTCGCATGGGGAGACCCCACACTAC,63.884003977997,69.34015286966712,66.23387945616082,69.34015286966712,69.34015286966712,63.884003977997,69.34015286966712
50,20,41,CGTTTCACTTCTGAGTTCGGGAAGGGGTCAGGTGGGTCCAC,60.64645251386503,62.41401091311735,62.41401091311735,60.64645251386503,60.64645251386503,60.64645251386503,60.64645251386503
51,70,33,ACTCTCACATGGGGAGACCCCACACTACCATCG,60.79522748498948,70.0049511304839,70.0049511304839,66.08628783667336,66.08628783667336,60.79522748498948,66.08628783667336
52,63,26,AGACCCCACACTACCATCGGCGCTGC,62.71084575862261,63.84230225074975,62.71084575862261,63.84230225074975,63.84230225074975,63.84230225074975,63.84230225074975
53,41,48,AGACCCCACACTACCATCGGCGATACGTCGTTTCACTTCTGAGTTCGG,63.706194348658755,64.13557239209456,64.13557239209456,63.706194348658755,63.706194348658755,63.706194348658755,63.706194348658755
54,65,28,GGGGAGACCCCACACTACCATCGGCGAT,64.4582184973683,71.1631917207294,71.1631917207294,70.03472634713233,70.03472634713233,64.4582184973683,70.03472634713233
55,16,39,ACTTCTGAGTTCGGGAAGGGGTCAGGTGGGTCCACCGCT,64.05963918660535,65.31612716581247,64.05963918660535,65.31612716581247,65.31612716581247,65.31612716581247,65.31612716581247
56,17,27,CGGCAAGGGGTCAGGTGGGTCCAACGC,59.37398509956114,61.792641435135636,59.37398509956114,61.792641435135636,61.792641435135636,61.792641435135636,61.792641435135636
57,66,23,AGACCCCACACTACCATCGGCGC,62.230265081580285,65.5413068285564,62.230265081580285,65.5413068285564,65.5413068285564,65.5413068285564,65.5413068285564
58,47,50,GCATGGGGAGACCCCACACTACCATCGGCGATGCGTCGTTTCACTTCTGA,63.5483526334728,70.37378577871863,70.37378577871863,66.78346739833984,66.78346739833984,63.5483526334728,66.78346739833984
59,56,39,ATGGGGAGACCCCACACTACCATCGGCGCTGCGTCGTTT,61.891075605017136,67.70160483785054,67.70160483785054,65.99973503915078,65.99973503915078,61.891075605017136,65.99973503915078
60,68,31,TCACATGAGGAGACCCCACACTACCATCGGC,60.834471809419426,65.83479861324196,65.64506323279932,60.834471809419426,60.834471809419426,65.83479861324196,60.834471809419426
61,76,31,ACCTACTCTCGCATGAGGAGACCCCACACTA,59.576850226215925,66.38427310411618,59.576850226215925,61.40452142115936,61.40452142115936,66.38427310411618,61.40452142115936
62,26,31,TCACTTCTGAGTTCGGGAAGGGGTCAGGTGG,59.654883508615455,63.26424952409599,63.26424952409599,59.654883508615455,59.654883508615455,59.654883508615455,59.654883508615455
63,68,29,ACATGAGGAGACCCCACACTACCATCGGC,63.75964865823545,68.67567937681991,65.24909140679284,63.75964865823545,63.75964865823545,68.67567937681991,63.75964865823545
64,61,29,GAGACCCCACACTACCATCGGCGATACGG,61.34612587528517,66.5250257476236,61.34612587528517,66.5250257476236,66.5250257476236,66.5250257476236,66.5250257476236
65,64,33,ACATGAGGAGACCCCACACTACCATCGGCGCTA,62.085134363016266,69.91473912467205,62.085134363016266,65.82107218030404,65.82107218030404,69.91473912467205,65.82107218030404
66,21,35,CACTTCTGAGTTCGGGAAGGGGTCAGGTGGGTCCA,60.167329815918265,64.0101644880038,64.0101644880038,60.167329815918265,60.167329815918265,60.167329815918265,60.167329815918265
67,21,31,TCTGAGTTCGGGAAGGGGTCAGGTGGGTCCA,59.597332401573,63.94149042942615,63.94149042942615,59.597332401573,59.597332401573,59.597332401573,59.597332401573
68,22,31,TTCTGAGTTCGGGAAGGGGTCAGGTGGGTCC,58.38933395991421,62.664891692766275,62.664891692766275,58.38933395991421,58.38933395991421,58.38933395991421,58.38933395991421
69,66,32,CACATGGGGAGACCCCACACTACCATCGGCGA,62.845174437924754,72.15205476163692,72.15205476163692,67.89882818103001,67.89882818103001,62.845174437924754,67.89882818103001
70,75,26,TCTCGCATGGGGAGACCCCACACTAC,62.16170556542056,68.2992440758972,64.81758962733505,68.2992440758972,68.2992440758972,62.16170556542056,68.2992440758972
71,26,30,CACTTCTGAGTTCGGGAAGGGGTCAGGTGG,58.842008907513446,62.58496728404697,62.58496728404697,58.842008907513446,58.842008907513446,58.842008907513446,58.842008907513446
72,18,32,TGAGTTCGGGAAGGGGTCAGGTGGGTCCACCG,60.61677247400502,62.381879073103164,60.61677247400502,62.381879073103164,62.381879073103164,62.381879073103164,62.381879073103164
73,70,34,TACTCTCGCATGAGGAGACCCCACACTACCATCG,60.57910345742761,67.80419282998503,60.57910345742761,63.69296134626211,63.69296134626211,67.80419282998503,63.69296134626211
74,32,55,ACCCCACACTACCATCGGCGATACGGCGTTTCACTTCTGAGTTCGGGATGGGGTC,65.13158329825035,70.49680115600603,65.13158329825035,70.49680115600603,70.49680115600603,70.49680115600603,70.49680115600603
75,23,46,CGCTGCGGCGTTTCACTTCTGAGTTCGGGAAGGGGTCAGGTGGGTC,62.10527447659581,62.91013596279333,62.10527447659581,62.91013596279333,62.91013596279333,62.91013596279333,62.91013596279333
76,70,32,CTCTCGCATGGGGAGACCCCACACTACCATCG,64.40727743557204,69.06833616638909,66.39844649188143,69.06833616638909,69.06833616638909,64.40727743557204,69.06833616638909
77,15,39,CTTCTGAGTTCGGGATGGGGTCAGGTGGGTCCACCGCTC,59.864797279973686,64.34778503055935,59.864797279973686,64.34778503055935,64.34778503055935,64.34778503055935,64.34778503055935
78,12,44,CACTTCTGAGTTCGGCATGGGATCAGGTGGGTCCAACGCGCTAC,60.2992379297761,66.08292006161327,60.2992379297761,66.08292006161327,66.08292006161327,66.08292006161327,66.08292006161327
79,61,33,TGGGGAGACCCCACACTACCATCGGCGCTACGG,65.59088321651484,75.26686564697343,65.59088321651484,75.26686564697343,75.26686564697343,71.41674647838892,75.26686564697343
80,16,31,GTTCGGCATGGGATCAGGTGGGTCCAACGCG,57.811260104348094,59.99368555250288,57.811260104348094,59.99368555250288,59.99368555250288,59.99368555250288,59.99368555250288
81,15,26,GAAGGGGTCAGGTGGGTCCAACGCGC,58.788216326950305,58.85861578164781,58.85861578164781,58.788216326950305,58.788216326950305,58.788216326950305,58.788216326950305
82,25,31,CACTTCTGAGTTCGGGAAGGGGTCAGGTGGG,61.188176008672485,62.849809013341655,62.849809013341655,61.188176008672485,61.188176008672485,61.188176008672485,61.188176008672485
83,71,35,CCTACTCTCGCATGAGGAGACCCCACACTACCATC,62.010213249364085,69.10301986791944,62.010213249364085,65.06127423625452,65.06127423625452,69.10301986791944,65.06127423625452
84,26,48,ATCGGCGATGCGGCGTTTCACTTCTGAGTTCGGCATGGGATCAGGTGG,62.775221179622235,65.30285538503398,62.775221179622235,65.30285538503398,65.30285538503398,65.30285538503398,65.30285538503398
85,17,33,TGAGTTCGGGATGGGGTCAGGTGGTACCAACGC,61.989617824642664,63.118681519450035,61.989617824642664,63.118681519450035,63.118681519450035,63.118681519450035,63.118681519450035
86,28,46,ATCGGCGCTACGTCGTTTCACTTCTGAGTTCGGGAAGGGGTCAGGT,60.39136470721172,61.7948705762077,60.39136470721172,61.7948705762077,61.7948705762077,61.7948705762077,61.7948705762077
87,11,49,GTTTCACTTCTGAGTTCGGCATGGGATCAGGTGGTACCAACGCTCTACG,57.38997936888387,60.8443163031597,57.38997936888387,60.8443163031597,60.61387202439056,60.8443163031597,60.8443163031597
88,67,35,CTCTCACATGAGGAGACCCCACACTACCATCGGCG,61.9996625573113,66.2282853661103,66.0715284778517,61.9996625573113,61.9996625573113,66.2282853661103,61.9996625573113
89,13,32,TCGGGATGGGGTCAGGTGGGTCCAACGCGCTA,60.90547404101136,64.76357580920114,60.90547404101136,64.76357580920114,64.76357580920114,64.76357580920114,64.76357580920114
90,17,25,GGATGGGGTCAGGTGGGTCCAACGC,58.37539695149718,58.77552283398143,58.37539695149718,58.77552283398143,58.77552283398143,58.77552283398143,58.77552283398143
91,63,28,GGAGACCCCACACTACCATCGGCGATGC,63.59624000416625,69.85702128656425,69.85702128656425,63.59624000416625,63.59624000416625,63.59624000416625,63.59624000416625
92,71,36,CCCTACTCTCACATGAGGAGACCCCACACTACCATC,61.270146654462394,65.76794149981248,64.14253611701042,61.270146654462394,61.270146654462394,65.76794149981248,61.270146654462394
93,14,54,GATGCGGCGTTTCACTTCTGAGTTCGGCAAGGGGTCAGGTGGGTCCAACGCTCT,63.31080459570069,64.78831982596716,64.78831982596716,63.31080459570069,63.31080459570069,63.31080459570069,63.31080459570069
94,15,39,CTTCTGAGTTCGGGATGGGGTCAGGTGGTACCAACGCGC,60.49563825986098,64.59142036102969,60.49563825986098,64.59142036102969,64.59142036102969,64.59142036102969,64.59142036102969
95,18,42,GTTTCACTTCTGAGTTCGGGATGGGGTCAGGTGGGTCCAACG,61.09633763124873,61.21740461995847,61.09633763124873,61.21740461995847,61.21740461995847,61.21740461995847,61.21740461995847
96,66,22,GACCCCACACTACCATCGGCGA,61.04004935704501,61.77235871662339,61.77235871662339,61.04004935704501,61.04004935704501,61.04004935704501,61.04004935704501
97,70,36,CCTACTCTCACATGGGGAGACCCCACACTACCATCG,62.01153036256659,70.33259935676983,70.33259935676983,66.75922451849584,66.75922451849584,62.01153036256659,66.75922451849584
98,66,22,GACCCCACACTACCATCGGCGA,61.04004935704501,61.77235871662339,61.77235871662339,61.04004935704501,61.04004935704501,61.04004935704501,61.04004935704501
99,75,33,TACCTACTCTCGCATGAGGAGACCCCACACTAC,61.87623002598423,67.10554347149872,61.87623002598423,62.28516672858257,62.28516672858257,67.10554347149872,62.28516672858257
